-- TactIQ Database Export
-- Generated: 2026-07-20T03:51:39.223Z

SET FOREIGN_KEY_CHECKS = 0;

-- users
TRUNCATE TABLE `users`;
INSERT INTO `users` (`id`, `username`, `email`, `password_hash`, `role`, `created_at`) VALUES
(1, 'admin', 'admin@tactiq.com', '$2b$10$illdqdlw7ddMO6fesFG2UONzv6a9lVtEvlXyh5PQ3JO7Bv6jFYsSO', 'ADMIN', '2026-06-23 08:23:14'),
(2, 'fan', 'fan@tactiq.com', '$2b$10$illdqdlw7ddMO6fesFG2UOCL4tenAXexF1QbSOxNCiEywvuaxAiVq', 'FAN', '2026-06-23 08:23:15'),
(3, 'samin.77', 'saminmahbub154@gmail.com', '$2a$10$Lzni4kyuNQavkfAIgc1VRut7Rxpn3.wtZG9zmYLMDEAdDPgAh6STG', 'FAN', '2026-06-23 08:34:53'),
(4, 'syedefaz', 'syedefaz6@gmail.com', '$2a$10$vSiJyIHVhhM2hojvhOxTE.8HlOXG2Wo97699xO1yZOksWrxCbVvUi', 'FAN', '2026-06-23 10:45:34'),
(5, 'Sumon', 'Vaat@gmail.com', '$2a$10$rEIPji67BUmA..4NM7gfNO/b1oN1RmHl9R.gy1p1DVMyq2.Dkjz52', 'FAN', '2026-06-30 11:37:49'),
(6, 'Alvi', 'alvichowdhury1122@gmail.com', '$2a$10$1Cq7q0Wx9T56WWjBVBRQi.C4B1Sz/njMH1Vaj5CtLqzuMjj5aX5pa', 'FAN', '2026-07-15 12:05:22'),
(7, 'Ismael Saibari', 'saibari29@gmail.com', '$2a$10$CFB1GxvjY8cjLutg.H0.GOuFgeIl8DNvLIcATHeiYmX.MYmMYAYv.', 'FAN', '2026-07-15 12:05:35');

-- groups
TRUNCATE TABLE `groups`;
INSERT INTO `groups` (`id`, `name`) VALUES
('A', 'Group A'),
('B', 'Group B'),
('C', 'Group C'),
('D', 'Group D'),
('E', 'Group E'),
('F', 'Group F'),
('G', 'Group G'),
('H', 'Group H'),
('I', 'Group I'),
('J', 'Group J'),
('K', 'Group K'),
('L', 'Group L'),
('Z', 'Reserve');

-- teams
TRUNCATE TABLE `teams`;
INSERT INTO `teams` (`id`, `name`, `code`, `group_id`, `flag_url`, `historical_titles`, `historical_appearances`, `historical_wins`, `historical_goals`, `created_at`) VALUES
(1, 'United States', 'USA', 'D', 'https://flagcdn.com/w160/us.png', 0, 0, 0, 0, '2026-06-23 08:23:03'),
(2, 'Colombia', 'COL', 'K', 'https://flagcdn.com/w160/co.png', 0, 0, 0, 0, '2026-06-23 08:23:03'),
(4, 'Iraq', 'IRQ', 'I', 'https://flagcdn.com/w160/iq.png', 0, 0, 0, 0, '2026-06-23 08:23:03'),
(5, 'Mexico', 'MEX', 'A', 'https://flagcdn.com/w160/mx.png', 0, 0, 0, 0, '2026-06-23 08:23:04'),
(6, 'Ecuador', 'ECU', 'E', 'https://flagcdn.com/w160/ec.png', 0, 0, 0, 0, '2026-06-23 08:23:04'),
(8, 'Saudi Arabia', 'KSA', 'H', 'https://flagcdn.com/w160/sa.png', 0, 0, 0, 0, '2026-06-23 08:23:05'),
(9, 'Canada', 'CAN', 'B', 'https://flagcdn.com/w160/ca.png', 0, 0, 0, 0, '2026-06-23 08:23:05'),
(10, 'Uruguay', 'URU', 'H', 'https://flagcdn.com/w160/uy.png', 2, 14, 25, 89, '2026-06-23 08:23:05'),
(11, 'Senegal', 'SEN', 'I', 'https://flagcdn.com/w160/sn.png', 0, 0, 0, 0, '2026-06-23 08:23:05'),
(12, 'Sweden', 'SWE', 'F', 'https://flagcdn.com/w160/se.png', 0, 0, 0, 0, '2026-06-23 08:23:05'),
(13, 'Argentina', 'ARG', 'J', 'https://flagcdn.com/w160/ar.png', 3, 18, 47, 152, '2026-06-23 08:23:06'),
(15, 'Egypt', 'EGY', 'G', 'https://flagcdn.com/w160/eg.png', 0, 0, 0, 0, '2026-06-23 08:23:06'),
(16, 'Japan', 'JPN', 'F', 'https://flagcdn.com/w160/jp.png', 0, 0, 0, 0, '2026-06-23 08:23:06'),
(17, 'Brazil', 'BRA', 'C', 'https://flagcdn.com/w160/br.png', 5, 22, 76, 237, '2026-06-23 08:23:07'),
(18, 'Switzerland', 'SUI', 'B', 'https://flagcdn.com/w160/ch.png', 0, 0, 0, 0, '2026-06-23 08:23:07'),
(19, 'Ghana', 'GHA', 'L', 'https://flagcdn.com/w160/gh.png', 0, 0, 0, 0, '2026-06-23 08:23:07'),
(20, 'South Korea', 'KOR', 'A', 'https://flagcdn.com/w160/kr.png', 0, 0, 0, 0, '2026-06-23 08:23:07'),
(21, 'France', 'FRA', 'I', 'https://flagcdn.com/w160/fr.png', 2, 16, 39, 136, '2026-06-23 08:23:07'),
(22, 'Croatia', 'CRO', 'L', 'https://flagcdn.com/w160/hr.png', 0, 0, 0, 0, '2026-06-23 08:23:08'),
(23, 'Tunisia', 'TUN', 'F', 'https://flagcdn.com/w160/tn.png', 0, 0, 0, 0, '2026-06-23 08:23:08'),
(24, 'Australia', 'AUS', 'D', 'https://flagcdn.com/w160/au.png', 0, 0, 0, 0, '2026-06-23 08:23:08'),
(25, 'England', 'ENG', 'L', 'https://flagcdn.com/w160/gb-eng.png', 1, 16, 32, 104, '2026-06-23 08:23:08'),
(27, 'Morocco', 'MAR', 'C', 'https://flagcdn.com/w160/ma.png', 0, 0, 0, 0, '2026-06-23 08:23:09'),
(28, 'Iran', 'IRN', 'G', 'https://flagcdn.com/w160/ir.png', 0, 0, 0, 0, '2026-06-23 08:23:09'),
(29, 'Spain', 'ESP', 'H', 'https://flagcdn.com/w160/es.png', 1, 16, 31, 108, '2026-06-23 08:23:09'),
(33, 'Germany', 'GER', 'E', 'https://flagcdn.com/w160/de.png', 4, 20, 68, 232, '2026-06-23 08:23:10'),
(35, 'Algeria', 'ALG', 'J', 'https://flagcdn.com/w160/dz.png', 0, 0, 0, 0, '2026-06-23 08:23:11'),
(36, 'Uzbekistan', 'UZB', 'K', 'https://flagcdn.com/w160/uz.png', 0, 0, 0, 0, '2026-06-23 08:23:11'),
(37, 'Belgium', 'BEL', 'G', 'https://flagcdn.com/w160/be.png', 0, 0, 0, 0, '2026-06-23 08:23:11'),
(38, 'Scotland', 'SCO', 'C', 'https://flagcdn.com/w160/gb-sct.png', 0, 0, 0, 0, '2026-06-23 08:23:12'),
(39, 'Panama', 'PAN', 'L', 'https://flagcdn.com/w160/pa.png', 0, 0, 0, 0, '2026-06-23 08:23:12'),
(40, 'Qatar', 'QAT', 'B', 'https://flagcdn.com/w160/qa.png', 0, 0, 0, 0, '2026-06-23 08:23:12'),
(41, 'Portugal', 'POR', 'K', 'https://flagcdn.com/w160/pt.png', 0, 0, 0, 0, '2026-06-23 08:23:12'),
(42, 'Austria', 'AUT', 'J', 'https://flagcdn.com/w160/at.png', 0, 0, 0, 0, '2026-06-23 08:23:12'),
(45, 'Netherlands', 'NED', 'F', 'https://flagcdn.com/w160/nl.png', 0, 0, 0, 0, '2026-06-23 08:23:13'),
(46, 'Turkey', 'TUR', 'D', 'https://flagcdn.com/w160/tr.png', 0, 0, 0, 0, '2026-06-23 08:23:14'),
(49, 'South Africa', 'RSA', 'A', 'https://flagcdn.com/w160/za.png', 0, 0, 0, 0, '2026-06-28 09:28:28'),
(50, 'Paraguay', 'PAR', 'D', 'https://flagcdn.com/w160/py.png', 0, 0, 0, 0, '2026-06-28 09:28:28'),
(51, 'Ivory Coast', 'CIV', 'E', 'https://flagcdn.com/w160/ci.png', 0, 0, 0, 0, '2026-06-28 09:28:28'),
(52, 'Norway', 'NOR', 'I', 'https://flagcdn.com/w160/no.png', 0, 0, 0, 0, '2026-06-28 09:28:28'),
(53, 'DR Congo', 'COD', 'K', 'https://flagcdn.com/w160/cd.png', 0, 0, 0, 0, '2026-06-28 09:28:28'),
(54, 'Bosnia and Herzegovina', 'BIH', 'B', 'https://flagcdn.com/w160/ba.png', 0, 0, 0, 0, '2026-06-28 09:28:28'),
(55, 'Cape Verde', 'CPV', 'H', 'https://flagcdn.com/w160/cv.png', 0, 0, 0, 0, '2026-06-28 09:28:28'),
(56, 'Czechia', 'CZE', 'A', 'https://flagcdn.com/w160/cz.png', 0, 0, 0, 0, '2026-06-28 11:11:13'),
(57, 'Haiti', 'HAI', 'C', 'https://flagcdn.com/w160/ht.png', 0, 0, 0, 0, '2026-06-28 11:11:13'),
(58, 'Curaçao', 'CUW', 'E', 'https://flagcdn.com/w160/cw.png', 0, 0, 0, 0, '2026-06-28 11:11:13'),
(59, 'New Zealand', 'NZL', 'G', 'https://flagcdn.com/w160/nz.png', 0, 0, 0, 0, '2026-06-28 11:11:13'),
(60, 'Jordan', 'JOR', 'J', 'https://flagcdn.com/w160/jo.png', 0, 0, 0, 0, '2026-06-28 11:11:13');

-- players
TRUNCATE TABLE `players`;
INSERT INTO `players` (`id`, `name`, `team_id`, `position`, `cost`, `image_url`) VALUES
(1750, 'Benbot', 35, 'GK', '4.3', NULL),
(1751, 'Mastil', 35, 'GK', '6.9', NULL),
(1752, 'Abada', 35, 'DF', '5.2', NULL),
(1753, 'Belaid', 35, 'DF', '5.2', NULL),
(1754, 'Mandi', 35, 'DF', '5.4', NULL),
(1755, 'Tougai', 35, 'DF', '7.4', NULL),
(1756, 'Aouar', 35, 'MF', '8.3', NULL),
(1757, 'Chaibi', 35, 'MF', '6.5', NULL),
(1758, 'Zerrouki', 35, 'MF', '8.0', NULL),
(1759, 'Ghouri', 35, 'FW', '8.5', NULL),
(1760, 'Mahrez', 35, 'FW', '6.4', NULL),
(1761, 'Emiliano Martínez', 13, 'GK', '12.0', NULL),
(1762, 'Musso', 13, 'GK', '7.9', NULL),
(1763, 'Rulli', 13, 'GK', '6.4', NULL),
(1764, 'Balerdi', 13, 'DF', '7.7', NULL),
(1765, 'Martínez', 13, 'DF', '7.0', NULL),
(1766, 'Montiel', 13, 'DF', '8.4', NULL),
(1767, 'Nahuel Molina', 13, 'DF', '8.1', NULL),
(1768, 'Nicolás Otamendi', 13, 'DF', '8.6', NULL),
(1769, 'Tagliafico', 13, 'DF', '8.1', NULL),
(1770, 'Alexis Mac Allister', 13, 'MF', '9.9', NULL),
(1771, 'Barco', 13, 'MF', '8.5', NULL),
(1772, 'DE Paul', 13, 'MF', '10.7', NULL),
(1773, 'Enzo Fernández', 13, 'MF', '15.0', NULL),
(1774, 'Paredes', 13, 'MF', '9.4', NULL),
(1775, 'J. Alvarez', 13, 'FW', '10.7', NULL),
(1776, 'Lautaro Martínez', 13, 'FW', '16.0', NULL),
(1777, 'Messi', 13, 'FW', '8.7', NULL),
(1778, 'Izzo', 24, 'GK', '5.3', NULL),
(1779, 'Mathew Ryan', 24, 'GK', '7.3', NULL),
(1780, 'Ryan', 24, 'GK', '6.5', NULL),
(1781, 'Bos', 24, 'DF', '7.2', NULL),
(1782, 'Circati', 24, 'DF', '6.7', NULL),
(1783, 'Degenek', 24, 'DF', '7.9', NULL),
(1784, 'Harry Souttar', 24, 'DF', '7.4', NULL),
(1785, 'Italiano', 24, 'DF', '7.5', NULL),
(1786, 'Craig Goodwin', 24, 'MF', '7.2', NULL),
(1787, 'Devlin', 24, 'MF', '7.5', NULL),
(1788, 'Jackson Irvine', 24, 'MF', '7.9', NULL),
(1789, 'Metcalfe', 24, 'MF', '9.4', NULL),
(1790, 'O\'neill', 24, 'MF', '7.7', NULL),
(1791, 'Leckie', 24, 'FW', '9.7', NULL),
(1792, 'Mathew Leckie', 24, 'FW', '7.1', NULL),
(1793, 'Mitchell Duke', 24, 'FW', '8.1', NULL),
(1794, 'Toure', 24, 'FW', '8.7', NULL),
(1795, 'Schlager', 42, 'GK', '7.4', NULL),
(1796, 'Wiegele', 42, 'GK', '6.3', NULL),
(1797, 'Affengruber', 42, 'DF', '6.9', NULL),
(1798, 'Alaba', 42, 'DF', '6.5', NULL),
(1799, 'Danso', 42, 'DF', '7.1', NULL),
(1800, 'Posch', 42, 'DF', '7.9', NULL),
(1801, 'Sabitzer', 42, 'MF', '7.9', NULL),
(1802, 'Seiwald', 42, 'MF', '9.0', NULL),
(1803, 'Xaver', 42, 'MF', '7.3', NULL),
(1804, 'Arnautovic', 42, 'FW', '7.4', NULL),
(1805, 'Gregoritsch', 42, 'FW', '8.9', NULL),
(1806, 'Courtois', 37, 'GK', '5.2', NULL),
(1807, 'Lammens', 37, 'GK', '6.1', NULL),
(1808, 'Thibaut Courtois', 37, 'GK', '13.0', NULL),
(1809, 'DE Cuyper', 37, 'DF', '7.4', NULL),
(1810, 'Debast', 37, 'DF', '8.0', NULL),
(1811, 'Mechele', 37, 'DF', '5.6', NULL),
(1812, 'Thiate', 37, 'DF', '6.4', NULL),
(1813, 'DE Bruyne', 37, 'MF', '8.8', NULL),
(1814, 'Kevin De Bruyne', 37, 'MF', '13.0', NULL),
(1815, 'Tielemans', 37, 'MF', '9.2', NULL),
(1816, 'Witsel', 37, 'MF', '8.6', NULL),
(1817, 'Youri Tielemans', 37, 'MF', '10.0', NULL),
(1818, 'Jérémy Doku', 37, 'FW', '8.6', NULL),
(1819, 'Leandro Trossard', 37, 'FW', '10.0', NULL),
(1820, 'Lukaku', 37, 'FW', '10.2', NULL),
(1821, 'Romelu Lukaku', 37, 'FW', '8.6', NULL),
(1822, 'Trossard', 37, 'FW', '9.5', NULL),
(1823, 'Jurkas', 54, 'GK', '5.6', NULL),
(1824, 'Vasilj', 54, 'GK', '6.3', NULL),
(1825, 'Hadzikadunic', 54, 'DF', '6.1', NULL),
(1826, 'Kolasinac', 54, 'DF', '4.3', NULL),
(1827, 'Muharemovic', 54, 'DF', '3.8', NULL),
(1828, 'Mujakic', 54, 'DF', '5.2', NULL),
(1829, 'Basic', 54, 'MF', '5.1', NULL),
(1830, 'Gigovic', 54, 'MF', '7.1', NULL),
(1831, 'Tahirovic', 54, 'MF', '7.2', NULL),
(1832, 'Bazdar', 54, 'FW', '7.9', NULL),
(1833, 'Demirovic', 54, 'FW', '6.7', NULL),
(1834, 'A. Becker', 17, 'GK', '7.1', NULL),
(1835, 'Alisson', 17, 'GK', '13.0', NULL),
(1836, 'Ederson', 17, 'GK', '13.0', NULL),
(1837, 'Weverton', 17, 'GK', '6.0', NULL),
(1838, 'Alex Sandro', 17, 'DF', '7.3', NULL),
(1839, 'Gabriel', 17, 'DF', '6.4', NULL),
(1840, 'Marquinhos', 17, 'DF', '12.0', NULL),
(1841, 'Wesley', 17, 'DF', '7.3', NULL),
(1842, 'Bruno G.', 17, 'MF', '10.3', NULL),
(1843, 'Casemiro', 17, 'MF', '8.7', NULL),
(1844, 'Fabinho', 17, 'MF', '8.3', NULL),
(1845, 'Cunha', 17, 'FW', '9.9', NULL),
(1846, 'Neymar Jr', 17, 'FW', '10.6', NULL),
(1847, 'Raphinha', 17, 'FW', '14.0', NULL),
(1848, 'Rodrygo', 17, 'FW', '14.0', NULL),
(1849, 'Vini Jr.', 17, 'FW', '10.8', NULL);

INSERT INTO `players` (`id`, `name`, `team_id`, `position`, `cost`, `image_url`) VALUES
(1850, 'Crepeau', 9, 'GK', '5.2', NULL),
(1851, 'St. Clair', 9, 'GK', '5.3', NULL),
(1852, 'DE Fougerolles', 9, 'DF', '6.9', NULL),
(1853, 'Johnston', 9, 'DF', '5.2', NULL),
(1854, 'Jones', 9, 'DF', '4.6', NULL),
(1855, 'Waterman', 9, 'DF', '5.8', NULL),
(1856, 'Choinière', 9, 'MF', '6.0', NULL),
(1857, 'Eustaquio', 9, 'MF', '7.5', NULL),
(1858, 'Koné', 9, 'MF', '7.8', NULL),
(1859, 'J. David', 9, 'FW', '8.7', NULL),
(1860, 'Larin', 9, 'FW', '8.5', NULL),
(1861, 'Kone', 51, 'GK', '4.8', NULL),
(1862, 'Y. Fofana', 51, 'GK', '5.4', NULL),
(1863, 'Eric Bailly', 51, 'DF', '7.3', NULL),
(1864, 'G. Konan', 51, 'DF', '5.3', NULL),
(1865, 'Kossounou', 51, 'DF', '5.3', NULL),
(1866, 'O. Diomande', 51, 'DF', '6.5', NULL),
(1867, 'Serge Aurier', 51, 'DF', '5.3', NULL),
(1868, 'Singo', 51, 'DF', '4.7', NULL),
(1869, 'Fofana', 51, 'MF', '7.6', NULL),
(1870, 'Franck Kessié', 51, 'MF', '7.4', NULL),
(1871, 'Kessie', 51, 'MF', '6.3', NULL),
(1872, 'Seri', 51, 'MF', '7.2', NULL),
(1873, 'Adingra', 51, 'FW', '8.3', NULL),
(1874, 'Amad Diallo', 51, 'FW', '7.5', NULL),
(1875, 'Bonny', 51, 'FW', '7.1', NULL),
(1876, 'Nicolas Pépé', 51, 'FW', '8.4', NULL),
(1877, 'Sébastien Haller', 51, 'FW', '8.7', NULL),
(1878, 'Fayulu', 53, 'GK', '3.4', NULL),
(1879, 'Mpasi', 53, 'GK', '6.0', NULL),
(1880, 'Batubinsika', 53, 'DF', '4.1', NULL),
(1881, 'Kapuadi', 53, 'DF', '6.5', NULL),
(1882, 'Tuanzebe', 53, 'DF', '5.6', NULL),
(1883, 'Wan Bissaka', 53, 'DF', '6.2', NULL),
(1884, 'Mbuku', 53, 'MF', '5.5', NULL),
(1885, 'Moutoussamy', 53, 'MF', '6.1', NULL),
(1886, 'Mukau', 53, 'MF', '5.4', NULL),
(1887, 'Cipenga', 53, 'FW', '7.8', NULL),
(1888, 'Kakuta', 53, 'FW', '6.0', NULL),
(1889, 'C. Vargas', 2, 'GK', '7.0', NULL),
(1890, 'David Ospina', 2, 'GK', '7.1', NULL),
(1891, 'Ospina', 2, 'GK', '7.3', NULL),
(1892, 'Arias', 2, 'DF', '6.6', NULL),
(1893, 'D. Muñoz', 2, 'DF', '7.4', NULL),
(1894, 'Davinson Sánchez', 2, 'DF', '7.6', NULL),
(1895, 'J. Lucumi', 2, 'DF', '6.7', NULL),
(1896, 'Juan Cuadrado', 2, 'DF', '5.1', NULL),
(1897, 'Y. Mina', 2, 'DF', '6.8', NULL),
(1898, 'Yerry Mina', 2, 'DF', '5.4', NULL),
(1899, 'Carrascal', 2, 'MF', '7.3', NULL),
(1900, 'James Rodríguez', 2, 'MF', '6.8', NULL),
(1901, 'K. Castaño', 2, 'MF', '9.4', NULL),
(1902, 'Richard Rios', 2, 'MF', '6.9', NULL),
(1903, 'Cordoba', 2, 'FW', '9.2', NULL),
(1904, 'Luis Diaz', 2, 'FW', '9.7', NULL),
(1905, 'Luis Díaz', 2, 'FW', '8.5', NULL),
(1906, 'Marcio', 55, 'GK', '4.7', NULL),
(1907, 'Vozinha', 55, 'GK', '5.3', NULL),
(1908, 'Borges', 55, 'DF', '4.8', NULL),
(1909, 'Logan', 55, 'DF', '5.5', NULL),
(1910, 'Lopes', 55, 'DF', '4.3', NULL),
(1911, 'Stopira', 55, 'DF', '3.8', NULL),
(1912, 'Joao Paulo', 55, 'MF', '7.5', NULL),
(1913, 'Jovane', 55, 'MF', '5.4', NULL),
(1914, 'Kevin L.', 55, 'MF', '6.0', NULL),
(1915, 'Benchimol', 55, 'FW', '6.2', NULL),
(1916, 'Livramento', 55, 'FW', '7.2', NULL),
(1917, 'Dominik Livaković', 22, 'GK', '9.0', NULL),
(1918, 'Livakovic', 22, 'GK', '5.4', NULL),
(1919, 'Pandur', 22, 'GK', '7.8', NULL),
(1920, 'Caleta-car', 22, 'DF', '6.4', NULL),
(1921, 'Gvardiol', 22, 'DF', '7.1', NULL),
(1922, 'Joško Gvardiol', 22, 'DF', '14.0', NULL),
(1923, 'Pongracic', 22, 'DF', '8.3', NULL),
(1924, 'Stanisic', 22, 'DF', '5.9', NULL),
(1925, 'Kovacic', 22, 'MF', '10.0', NULL),
(1926, 'Luka Modrić', 22, 'MF', '9.0', NULL),
(1927, 'Marcelo Brozović', 22, 'MF', '9.0', NULL),
(1928, 'Mateo Kovačić', 22, 'MF', '10.0', NULL),
(1929, 'Modric', 22, 'MF', '8.2', NULL),
(1930, 'Moro', 22, 'MF', '9.5', NULL),
(1931, 'Budimir', 22, 'FW', '8.9', NULL),
(1932, 'Ivan Perišić', 22, 'FW', '8.0', NULL),
(1933, 'Kramaric', 22, 'FW', '8.7', NULL),
(1934, 'Bodak', 58, 'GK', '3.5', NULL),
(1935, 'Room', 58, 'GK', '5.7', NULL),
(1936, 'Floranus', 58, 'DF', '6.4', NULL),
(1937, 'Gaari', 58, 'DF', '4.2', NULL),
(1938, 'Sambo', 58, 'DF', '5.6', NULL),
(1939, 'VAN Eijma', 58, 'DF', '4.7', NULL),
(1940, 'Comenencia', 58, 'MF', '5.3', NULL),
(1941, 'J. Bacuna', 58, 'MF', '7.3', NULL),
(1942, 'Roemeratoe', 58, 'MF', '5.2', NULL),
(1943, 'Antonisse', 58, 'FW', '6.9', NULL),
(1944, 'Locadia', 58, 'FW', '6.2', NULL),
(1945, 'Kovar', 56, 'GK', '5.0', NULL),
(1946, 'Stanek', 56, 'GK', '4.7', NULL),
(1947, 'Coufal', 56, 'DF', '5.2', NULL),
(1948, 'Holes', 56, 'DF', '7.7', NULL),
(1949, 'Hranac', 56, 'DF', '7.7', NULL);

INSERT INTO `players` (`id`, `name`, `team_id`, `position`, `cost`, `image_url`) VALUES
(1950, 'Zima', 56, 'DF', '6.1', NULL),
(1951, 'Cerv', 56, 'MF', '7.5', NULL),
(1952, 'Darida', 56, 'MF', '7.6', NULL),
(1953, 'Provod', 56, 'MF', '7.7', NULL),
(1954, 'Hlozek', 56, 'FW', '9.5', NULL),
(1955, 'Schick', 56, 'FW', '8.9', NULL),
(1956, 'Galindez', 6, 'GK', '6.7', NULL),
(1957, 'Hernán Galíndez', 6, 'GK', '6.7', NULL),
(1958, 'Ramirez', 6, 'GK', '5.3', NULL),
(1959, 'Hincapie', 6, 'DF', '6.3', NULL),
(1960, 'Ordoñez', 6, 'DF', '7.6', NULL),
(1961, 'Pacho', 6, 'DF', '6.1', NULL),
(1962, 'Pervis Estupiñán', 6, 'DF', '6.7', NULL),
(1963, 'Piero Hincapié', 6, 'DF', '7.4', NULL),
(1964, 'Torres', 6, 'DF', '5.7', NULL),
(1965, 'A. Valencia', 6, 'MF', '7.7', NULL),
(1966, 'Alcivar', 6, 'MF', '6.7', NULL),
(1967, 'Moisés Caicedo', 6, 'MF', '7.9', NULL),
(1968, 'Paez', 6, 'MF', '7.5', NULL),
(1969, 'Enner Valencia', 6, 'FW', '9.5', NULL),
(1970, 'Gonzalo Plata', 6, 'FW', '9.4', NULL),
(1971, 'Rodriguez', 6, 'FW', '8.1', NULL),
(1972, 'Yeboah Zamora', 6, 'FW', '8.4', NULL),
(1973, 'M. Elshenawy', 15, 'GK', '6.1', NULL),
(1974, 'M. Soliman', 15, 'GK', '3.6', NULL),
(1975, 'Mohamed El Shenawy', 15, 'GK', '6.3', NULL),
(1976, 'Ahmed Hegazi', 15, 'DF', '6.0', NULL),
(1977, 'Hossam', 15, 'DF', '6.5', NULL),
(1978, 'M. Hany', 15, 'DF', '6.7', NULL),
(1979, 'Mohamed Abdelmonem', 15, 'DF', '7.0', NULL),
(1980, 'R. Rabiaa', 15, 'DF', '4.4', NULL),
(1981, 'Yasser', 15, 'DF', '5.3', NULL),
(1982, 'E. Ashour', 15, 'MF', '5.0', NULL),
(1983, 'H. Fathy', 15, 'MF', '5.7', NULL),
(1984, 'Mohamed Elneny', 15, 'MF', '6.0', NULL),
(1985, 'Zico', 15, 'MF', '6.4', NULL),
(1986, 'Abdelkarim', 15, 'FW', '5.9', NULL),
(1987, 'M. Trezeguet', 15, 'FW', '5.7', NULL),
(1988, 'Mohamed Salah', 15, 'FW', '15.0', NULL),
(1989, 'Omar Marmoush', 15, 'FW', '10.0', NULL),
(1990, 'D. Henderson', 25, 'GK', '6.2', NULL),
(1991, 'Pickford', 25, 'GK', '5.6', NULL),
(1992, 'Guehi', 25, 'DF', '7.8', NULL),
(1993, 'Konsa', 25, 'DF', '8.8', NULL),
(1994, 'O\'reilly', 25, 'DF', '8.5', NULL),
(1995, 'Stones', 25, 'DF', '7.0', NULL),
(1996, 'Trent Alexander-Arnold', 25, 'DF', '14.0', NULL),
(1997, 'Anderson', 25, 'MF', '8.2', NULL),
(1998, 'Bellingham', 25, 'MF', '8.5', NULL),
(1999, 'Cole Palmer', 25, 'MF', '13.0', NULL),
(2000, 'Declan Rice', 25, 'MF', '17.0', NULL),
(2001, 'Phil Foden', 25, 'MF', '17.0', NULL),
(2002, 'Rice', 25, 'MF', '10.5', NULL),
(2003, 'Bukayo Saka', 25, 'FW', '18.0', NULL),
(2004, 'Jack Grealish', 25, 'FW', '11.0', NULL),
(2005, 'Kane', 25, 'FW', '10.7', NULL),
(2006, 'Saka', 25, 'FW', '10.8', NULL),
(2007, 'Joan García', 29, 'GK', '5.9', NULL),
(2008, 'Raya', 29, 'GK', '6.1', NULL),
(2009, 'Unai Simón', 29, 'GK', '5.5', NULL),
(2010, 'Dani Carvajal', 29, 'DF', '11.0', NULL),
(2011, 'Eric', 29, 'DF', '8.7', NULL),
(2012, 'Grimaldo', 29, 'DF', '8.1', NULL),
(2013, 'M. Llorente', 29, 'DF', '8.6', NULL),
(2014, 'Marc Pubill', 29, 'DF', '7.5', NULL),
(2015, 'Fabián', 29, 'MF', '9.3', NULL),
(2016, 'Gavi', 29, 'MF', '14.0', NULL),
(2017, 'Merino', 29, 'MF', '10.6', NULL),
(2018, 'Pedri', 29, 'MF', '21.0', NULL),
(2019, 'Rodri', 29, 'MF', '16.0', NULL),
(2020, 'Álvaro Morata', 29, 'FW', '8.5', NULL),
(2021, 'Ferran', 29, 'FW', '9.0', NULL),
(2022, 'Lamine Yamal', 29, 'FW', '25.0', NULL),
(2023, 'Olmo', 29, 'FW', '10.1', NULL),
(2024, 'Maignan', 21, 'GK', '7.7', NULL),
(2025, 'Samba', 21, 'GK', '5.8', NULL),
(2026, 'Digne', 21, 'DF', '6.7', NULL),
(2027, 'Gusto', 21, 'DF', '8.0', NULL),
(2028, 'Jules Koundé', 21, 'DF', '13.0', NULL),
(2029, 'Kounde', 21, 'DF', '6.2', NULL),
(2030, 'Théo Hernandez', 21, 'DF', '13.0', NULL),
(2031, 'Upamecano', 21, 'DF', '8.9', NULL),
(2032, 'William Saliba', 21, 'DF', '16.0', NULL),
(2033, 'Antoine Griezmann', 21, 'MF', '13.0', NULL),
(2034, 'Kante', 21, 'MF', '9.7', NULL),
(2035, 'Kone', 21, 'MF', '8.5', NULL),
(2036, 'Tchouameni', 21, 'MF', '8.1', NULL),
(2037, 'Dembele', 21, 'FW', '8.8', NULL),
(2038, 'Kylian Mbappé', 21, 'FW', '24.0', NULL),
(2039, 'Ousmane Dembélé', 21, 'FW', '16.0', NULL),
(2040, 'Thuram', 21, 'FW', '10.5', NULL),
(2041, 'Baumann', 33, 'GK', '5.6', NULL),
(2042, 'Marc-André ter Stegen', 33, 'GK', '12.0', NULL),
(2043, 'Neuer', 33, 'GK', '5.5', NULL),
(2044, 'Anton', 33, 'DF', '6.2', NULL),
(2045, 'Kimmich', 33, 'DF', '6.0', NULL),
(2046, 'Rudiger', 33, 'DF', '7.6', NULL),
(2047, 'Tah', 33, 'DF', '7.5', NULL),
(2048, 'Florian Wirtz', 33, 'MF', '19.0', NULL),
(2049, 'Goretzka', 33, 'MF', '9.3', NULL);

INSERT INTO `players` (`id`, `name`, `team_id`, `position`, `cost`, `image_url`) VALUES
(2050, 'İlkay Gündogan', 33, 'MF', '9.7', NULL),
(2051, 'Jamal Musiala', 33, 'MF', '20.0', NULL),
(2052, 'Leweling', 33, 'MF', '7.9', NULL),
(2053, 'Pavlovic', 33, 'MF', '9.6', NULL),
(2054, 'Toni Kroos', 33, 'MF', '8.2', NULL),
(2055, 'Havertz', 33, 'FW', '11.0', NULL),
(2056, 'Leroy Sané', 33, 'FW', '12.0', NULL),
(2057, 'Woltemade', 33, 'FW', '11.0', NULL),
(2058, 'Anang', 19, 'GK', '4.6', NULL),
(2059, 'Zigi', 19, 'GK', '5.4', NULL),
(2060, 'Adjetey', 19, 'DF', '5.1', NULL),
(2061, 'Daniel Amartey', 19, 'DF', '6.7', NULL),
(2062, 'Mensah', 19, 'DF', '5.7', NULL),
(2063, 'Seidu', 19, 'DF', '7.1', NULL),
(2064, 'Suleman', 19, 'DF', '5.8', NULL),
(2065, 'Tariq Lamptey', 19, 'DF', '4.6', NULL),
(2066, 'Caleb', 19, 'MF', '8.0', NULL),
(2067, 'Sibo', 19, 'MF', '6.6', NULL),
(2068, 'Thomas', 19, 'MF', '8.5', NULL),
(2069, 'Thomas Partey', 19, 'MF', '8.4', NULL),
(2070, 'Ayew', 19, 'FW', '7.9', NULL),
(2071, 'Fatawu', 19, 'FW', '7.9', NULL),
(2072, 'Iñaki Williams', 19, 'FW', '9.2', NULL),
(2073, 'Jordan Ayew', 19, 'FW', '7.3', NULL),
(2074, 'Mohammed Kudus', 19, 'FW', '6.5', NULL),
(2075, 'A. Pierre', 57, 'GK', '4.8', NULL),
(2076, 'Placide', 57, 'GK', '6.2', NULL),
(2077, 'Ade', 57, 'DF', '6.4', NULL),
(2078, 'Arcus', 57, 'DF', '3.8', NULL),
(2079, 'Delcroix', 57, 'DF', '6.2', NULL),
(2080, 'Thermoncy', 57, 'DF', '5.9', NULL),
(2081, 'Bellegarde', 57, 'MF', '7.4', NULL),
(2082, 'L. Pierre', 57, 'MF', '6.4', NULL),
(2083, 'Sainte', 57, 'MF', '5.3', NULL),
(2084, 'Etienne Jr', 57, 'FW', '6.5', NULL),
(2085, 'Nazon', 57, 'FW', '6.1', NULL),
(2086, 'Beiranvand', 28, 'GK', '4.3', NULL),
(2087, 'Payam', 28, 'GK', '6.5', NULL),
(2088, 'E. Hajisafi', 28, 'DF', '6.1', NULL),
(2089, 'M. Mohammadi', 28, 'DF', '7.3', NULL),
(2090, 'Saleh', 28, 'DF', '5.8', NULL),
(2091, 'Shoja', 28, 'DF', '6.6', NULL),
(2092, 'A. Jahanbakhsh', 28, 'MF', '6.5', NULL),
(2093, 'M. Mohebi', 28, 'MF', '6.8', NULL),
(2094, 'S. Ezatolahi', 28, 'MF', '7.5', NULL),
(2095, 'Mehdi Ghayedi', 28, 'FW', '7.9', NULL),
(2096, 'Taremi', 28, 'FW', '6.9', NULL),
(2097, 'Fahad', 4, 'GK', '5.9', NULL),
(2098, 'Jalal', 4, 'GK', '4.5', NULL),
(2099, 'Akam', 4, 'DF', '6.3', NULL),
(2100, 'Hussein', 4, 'DF', '4.6', NULL),
(2101, 'Rebin', 4, 'DF', '6.1', NULL),
(2102, 'Zaid T.', 4, 'DF', '5.5', NULL),
(2103, 'Ibrahim', 4, 'MF', '6.5', NULL),
(2104, 'Youssef', 4, 'MF', '8.5', NULL),
(2105, 'Z. Iqbal', 4, 'MF', '7.0', NULL),
(2106, 'Al-hamadi', 4, 'FW', '7.9', NULL),
(2107, 'Mohanad', 4, 'FW', '8.9', NULL),
(2108, 'Bani Ateyah', 60, 'GK', '4.6', NULL),
(2109, 'Yazeed', 60, 'GK', '4.6', NULL),
(2110, 'Abu Dhab', 60, 'DF', '6.2', NULL),
(2111, 'Abu Hasheesh', 60, 'DF', '6.2', NULL),
(2112, 'Alarab', 60, 'DF', '5.4', NULL),
(2113, 'Nasib', 60, 'DF', '5.8', NULL),
(2114, 'Alrawabdeh', 60, 'MF', '8.6', NULL),
(2115, 'Jamous', 60, 'MF', '8.2', NULL),
(2116, 'Rajaei', 60, 'MF', '8.7', NULL),
(2117, 'Abu Zraiq', 60, 'FW', '7.2', NULL),
(2118, 'Olwan', 60, 'FW', '6.6', NULL),
(2119, 'Osako', 16, 'GK', '7.4', NULL),
(2120, 'Suzuki', 16, 'GK', '7.0', NULL),
(2121, 'Itakura', 16, 'DF', '6.5', NULL),
(2122, 'Nagatomo', 16, 'DF', '5.2', NULL),
(2123, 'Sugawara', 16, 'DF', '6.5', NULL),
(2124, 'Takehiro Tomiyasu', 16, 'DF', '5.4', NULL),
(2125, 'Taniguchi', 16, 'DF', '7.4', NULL),
(2126, 'Daichi Kamada', 16, 'MF', '9.4', NULL),
(2127, 'Endo', 16, 'MF', '6.5', NULL),
(2128, 'Kubo', 16, 'MF', '7.6', NULL),
(2129, 'Tanaka', 16, 'MF', '8.9', NULL),
(2130, 'Wataru Endo', 16, 'MF', '8.3', NULL),
(2131, 'Ayase', 16, 'FW', '8.9', NULL),
(2132, 'Goto', 16, 'FW', '8.9', NULL),
(2133, 'Kaoru Mitoma', 16, 'FW', '9.9', NULL),
(2134, 'Ritsu Doan', 16, 'FW', '8.9', NULL),
(2135, 'Takumi Minamino', 16, 'FW', '8.1', NULL),
(2136, 'Bumkeun', 20, 'GK', '6.8', NULL),
(2137, 'Jo Hyeon-woo', 20, 'GK', '6.1', NULL),
(2138, 'Seunggyu', 20, 'GK', '6.2', NULL),
(2139, 'Hanbeom', 20, 'DF', '5.8', NULL),
(2140, 'Kim Min-jae', 20, 'DF', '12.0', NULL),
(2141, 'Minjae', 20, 'DF', '7.0', NULL),
(2142, 'Taehyeon', 20, 'DF', '6.5', NULL),
(2143, 'Taeseok', 20, 'DF', '5.8', NULL),
(2144, 'Gihyuk', 20, 'MF', '9.0', NULL),
(2145, 'Inbeom', 20, 'MF', '7.9', NULL),
(2146, 'Lee Kang-in', 20, 'MF', '10.0', NULL),
(2147, 'Seungho', 20, 'MF', '7.4', NULL),
(2148, 'Cho Gue-sung', 20, 'FW', '8.0', NULL),
(2149, 'Guseung', 20, 'FW', '8.4', NULL);

INSERT INTO `players` (`id`, `name`, `team_id`, `position`, `cost`, `image_url`) VALUES
(2150, 'Heungmin', 20, 'FW', '7.1', NULL),
(2151, 'Hwang Hee-chan', 20, 'FW', '9.0', NULL),
(2152, 'Son Heung-min', 20, 'FW', '14.0', NULL),
(2153, 'Alaqidi', 8, 'GK', '5.9', NULL),
(2154, 'Alowais', 8, 'GK', '5.7', NULL),
(2155, 'Mohammed Al-Owais', 8, 'GK', '6.8', NULL),
(2156, 'Alamri', 8, 'DF', '7.3', NULL),
(2157, 'Ali Al-Bulaihi', 8, 'DF', '5.5', NULL),
(2158, 'Altambakti', 8, 'DF', '5.1', NULL),
(2159, 'Lajami', 8, 'DF', '7.1', NULL),
(2160, 'Majrashi', 8, 'DF', '4.6', NULL),
(2161, 'Saud Abdulhamid', 8, 'DF', '5.5', NULL),
(2162, 'Alkhaibari', 8, 'MF', '7.3', NULL),
(2163, 'Musab', 8, 'MF', '8.3', NULL),
(2164, 'Nasser', 8, 'MF', '8.5', NULL),
(2165, 'Nasser Al-Dawsari', 8, 'MF', '6.8', NULL),
(2166, 'Salem Al-Dawsari', 8, 'MF', '8.4', NULL),
(2167, 'Aiman', 8, 'FW', '6.9', NULL),
(2168, 'Feras', 8, 'FW', '8.0', NULL),
(2169, 'Firas Al-Buraikan', 8, 'FW', '6.9', NULL),
(2170, 'Bono', 27, 'GK', '5.3', NULL),
(2171, 'EL Kajoui', 27, 'GK', '7.3', NULL),
(2172, 'Yassine Bounou', 27, 'GK', '6.5', NULL),
(2173, 'Achraf Hakimi', 27, 'DF', '15.0', NULL),
(2174, 'Aguerd', 27, 'DF', '5.0', NULL),
(2175, 'EL Ouahdi', 27, 'DF', '5.7', NULL),
(2176, 'Hakimi', 27, 'DF', '7.1', NULL),
(2177, 'Mazraoui', 27, 'DF', '7.6', NULL),
(2178, 'Nayef Aguerd', 27, 'DF', '9.0', NULL),
(2179, 'Amrabat', 27, 'MF', '8.7', NULL),
(2180, 'Bouaddi', 27, 'MF', '8.7', NULL),
(2181, 'Hakim Ziyech', 27, 'MF', '9.0', NULL),
(2182, 'Sofyan Amrabat', 27, 'MF', '9.0', NULL),
(2183, 'Talbi', 27, 'MF', '7.7', NULL),
(2184, 'Brahim', 27, 'FW', '9.5', NULL),
(2185, 'Brahim Díaz', 27, 'FW', '8.1', NULL),
(2186, 'Rahimi', 27, 'FW', '8.4', NULL),
(2187, 'C. Acevedo', 5, 'GK', '5.9', NULL),
(2188, 'Guillermo Ochoa', 5, 'GK', '7.0', NULL),
(2189, 'R. Rangel', 5, 'GK', '4.1', NULL),
(2190, 'C. Montes', 5, 'DF', '5.2', NULL),
(2191, 'César Montes', 5, 'DF', '8.0', NULL),
(2192, 'E. Álvarez', 5, 'DF', '5.9', NULL),
(2193, 'J. Sánchez', 5, 'DF', '7.3', NULL),
(2194, 'J. Vásquez', 5, 'DF', '5.4', NULL),
(2195, 'Jesús Gallardo', 5, 'DF', '7.0', NULL),
(2196, 'E. Lira', 5, 'MF', '6.0', NULL),
(2197, 'Edson Álvarez', 5, 'MF', '10.0', NULL),
(2198, 'Fidalgo', 5, 'MF', '6.3', NULL),
(2199, 'L. Romo', 5, 'MF', '7.0', NULL),
(2200, 'A. Vega', 5, 'FW', '8.7', NULL),
(2201, 'Hirving Lozano', 5, 'FW', '9.0', NULL),
(2202, 'Raúl', 5, 'FW', '9.0', NULL),
(2203, 'Santiago Giménez', 5, 'FW', '10.0', NULL),
(2204, 'Mark Flekken', 45, 'GK', '7.7', NULL),
(2205, 'Roefs', 45, 'GK', '5.1', NULL),
(2206, 'Verbruggen', 45, 'GK', '7.3', NULL),
(2207, 'Aké', 45, 'DF', '7.0', NULL),
(2208, 'Denzel Dumfries', 45, 'DF', '6.2', NULL),
(2209, 'J. Timber', 45, 'DF', '8.4', NULL),
(2210, 'Matthijs de Ligt', 45, 'DF', '7.8', NULL),
(2211, 'VAN Hecke', 45, 'DF', '7.0', NULL),
(2212, 'Virgil', 45, 'DF', '8.0', NULL),
(2213, 'DE Roon', 45, 'MF', '8.9', NULL),
(2214, 'Frenkie de Jong', 45, 'MF', '9.9', NULL),
(2215, 'Gravenberch', 45, 'MF', '9.9', NULL),
(2216, 'Kluivert', 45, 'MF', '8.2', NULL),
(2217, 'Xavi Simons', 45, 'MF', '7.7', NULL),
(2218, 'Cody Gakpo', 45, 'FW', '8.4', NULL),
(2219, 'Memphis', 45, 'FW', '10.6', NULL),
(2220, 'Weghorst', 45, 'FW', '9.0', NULL),
(2221, 'Nyland', 52, 'GK', '5.2', NULL),
(2222, 'Tangvik', 52, 'GK', '6.6', NULL),
(2223, 'Bjørkan', 52, 'DF', '7.9', NULL),
(2224, 'Møller Wolfe', 52, 'DF', '6.6', NULL),
(2225, 'Østigård', 52, 'DF', '7.5', NULL),
(2226, 'Vassbakk Ajer', 52, 'DF', '6.1', NULL),
(2227, 'Berg', 52, 'MF', '9.6', NULL),
(2228, 'Berge', 52, 'MF', '7.7', NULL),
(2229, 'Thorsby', 52, 'MF', '8.1', NULL),
(2230, 'Braut Haaland', 52, 'FW', '9.6', NULL),
(2231, 'Sørloth', 52, 'FW', '9.7', NULL),
(2232, 'Crocombe', 59, 'GK', '3.8', NULL),
(2233, 'Paulsen', 59, 'GK', '4.0', NULL),
(2234, 'Bindon', 59, 'DF', '4.0', NULL),
(2235, 'Boxall', 59, 'DF', '4.8', NULL),
(2236, 'DE Vries', 59, 'DF', '3.8', NULL),
(2237, 'Payne', 59, 'DF', '6.7', NULL),
(2238, 'Bell', 59, 'MF', '7.2', NULL),
(2239, 'Garbett', 59, 'MF', '7.2', NULL),
(2240, 'Stamenic', 59, 'MF', '7.3', NULL),
(2241, 'Barbarouses', 59, 'FW', '8.0', NULL),
(2242, 'Wood', 59, 'FW', '7.2', NULL),
(2243, 'Mejía', 39, 'GK', '5.9', NULL),
(2244, 'Samudio', 39, 'GK', '5.7', NULL),
(2245, 'Blackman', 39, 'DF', '5.8', NULL),
(2246, 'Cordoba', 39, 'DF', '6.7', NULL),
(2247, 'F. Escobar', 39, 'DF', '5.0', NULL),
(2248, 'Fariña', 39, 'DF', '4.9', NULL),
(2249, 'Carrasquilla', 39, 'MF', '7.3', NULL);

INSERT INTO `players` (`id`, `name`, `team_id`, `position`, `cost`, `image_url`) VALUES
(2250, 'J.l. Rodríguez', 39, 'MF', '7.8', NULL),
(2251, 'Martínez', 39, 'MF', '6.9', NULL),
(2252, 'Fajardo', 39, 'FW', '6.8', NULL),
(2253, 'T. Rodríguez', 39, 'FW', '8.2', NULL),
(2254, 'Fernandez', 50, 'GK', '7.2', NULL),
(2255, 'O. Gill', 50, 'GK', '6.8', NULL),
(2256, 'Alderete', 50, 'DF', '7.2', NULL),
(2257, 'Balbuena', 50, 'DF', '6.0', NULL),
(2258, 'Cáceres', 50, 'DF', '6.2', NULL),
(2259, 'Velázquez', 50, 'DF', '6.9', NULL),
(2260, 'D. Gomez', 50, 'MF', '8.5', NULL),
(2261, 'M. Almirón', 50, 'MF', '8.2', NULL),
(2262, 'Sosa', 50, 'MF', '8.1', NULL),
(2263, 'R. Gamarra', 50, 'FW', '7.1', NULL),
(2264, 'Sanabria', 50, 'FW', '7.9', NULL),
(2265, 'Diogo Costa', 41, 'GK', '11.0', NULL),
(2266, 'José Sá', 41, 'GK', '8.0', NULL),
(2267, 'Dalot', 41, 'DF', '7.5', NULL),
(2268, 'N. Semedo', 41, 'DF', '7.0', NULL),
(2269, 'Pepe', 41, 'DF', '5.9', NULL),
(2270, 'Rúben Dias', 41, 'DF', '13.0', NULL),
(2271, 'Tomas A.', 41, 'DF', '7.8', NULL),
(2272, 'B. Fernandes', 41, 'MF', '8.2', NULL),
(2273, 'Bernardo', 41, 'MF', '8.1', NULL),
(2274, 'Matheus N.', 41, 'MF', '8.5', NULL),
(2275, 'Vitinha', 41, 'MF', '16.0', NULL),
(2276, 'Diogo Jota', 41, 'FW', '12.0', NULL),
(2277, 'G. Ramos', 41, 'FW', '10.4', NULL),
(2278, 'João Félix', 41, 'FW', '12.0', NULL),
(2279, 'Pedro Neto', 41, 'FW', '10.0', NULL),
(2280, 'Rafael Leão', 41, 'FW', '15.0', NULL),
(2281, 'Ronaldo', 41, 'FW', '9.6', NULL),
(2282, 'Abunada', 40, 'GK', '5.1', NULL),
(2283, 'Salah', 40, 'GK', '5.0', NULL),
(2284, 'Gueye', 40, 'DF', '4.6', NULL),
(2285, 'Jassem', 40, 'DF', '5.0', NULL),
(2286, 'L. Mendes', 40, 'DF', '7.1', NULL),
(2287, 'Pedro', 40, 'DF', '7.1', NULL),
(2288, 'A. Alganehi', 40, 'MF', '6.9', NULL),
(2289, 'A. Aziz', 40, 'MF', '8.6', NULL),
(2290, 'Karim', 40, 'MF', '7.9', NULL),
(2291, 'Alaeddin', 40, 'FW', '6.5', NULL),
(2292, 'Edmilson Jr.', 40, 'FW', '9.2', NULL),
(2293, 'Chaine', 49, 'GK', '5.4', NULL),
(2294, 'Williams', 49, 'GK', '5.7', NULL),
(2295, 'Matuludi', 49, 'DF', '6.8', NULL),
(2296, 'Mbokazi', 49, 'DF', '5.0', NULL),
(2297, 'Modiba', 49, 'DF', '7.3', NULL),
(2298, 'Ndamane', 49, 'DF', '4.5', NULL),
(2299, 'Mbatha', 49, 'MF', '8.6', NULL),
(2300, 'Mokoena', 49, 'MF', '6.7', NULL),
(2301, 'Zwane', 49, 'MF', '6.6', NULL),
(2302, 'Appollis', 49, 'FW', '6.9', NULL),
(2303, 'Moremi', 49, 'FW', '9.2', NULL),
(2304, 'Gunn', 38, 'GK', '5.2', NULL),
(2305, 'Kelly', 38, 'GK', '3.7', NULL),
(2306, 'Hanley', 38, 'DF', '4.5', NULL),
(2307, 'Hickey', 38, 'DF', '4.9', NULL),
(2308, 'Robertson', 38, 'DF', '4.6', NULL),
(2309, 'Tierney', 38, 'DF', '6.6', NULL),
(2310, 'Fletcher', 38, 'MF', '7.6', NULL),
(2311, 'Mcginn', 38, 'MF', '6.1', NULL),
(2312, 'Mctominay', 38, 'MF', '5.4', NULL),
(2313, 'Adams', 38, 'FW', '5.9', NULL),
(2314, 'Dykes', 38, 'FW', '5.5', NULL),
(2315, 'Édouard Mendy', 11, 'GK', '9.0', NULL),
(2316, 'Mendy', 11, 'GK', '7.4', NULL),
(2317, 'Y. Diouf', 11, 'GK', '4.5', NULL),
(2318, 'Jakobs', 11, 'DF', '6.4', NULL),
(2319, 'Kalidou Koulibaly', 11, 'DF', '9.0', NULL),
(2320, 'Koulibaly', 11, 'DF', '7.6', NULL),
(2321, 'Sarr', 11, 'DF', '6.8', NULL),
(2322, 'Seck', 11, 'DF', '5.0', NULL),
(2323, 'Gana', 11, 'MF', '8.0', NULL),
(2324, 'Idrissa Gueye', 11, 'MF', '8.0', NULL),
(2325, 'Lamine', 11, 'MF', '8.3', NULL),
(2326, 'P.i. Ciss', 11, 'MF', '6.8', NULL),
(2327, 'B. Dieng', 11, 'FW', '9.7', NULL),
(2328, 'Diao', 11, 'FW', '9.1', NULL),
(2329, 'Ismaïla Sarr', 11, 'FW', '9.0', NULL),
(2330, 'Nicolas Jackson', 11, 'FW', '7.4', NULL),
(2331, 'Sadio Mané', 11, 'FW', '10.0', NULL),
(2332, 'Kobel', 18, 'GK', '5.8', NULL),
(2333, 'Mvogo', 18, 'GK', '5.5', NULL),
(2334, 'Akanji', 18, 'DF', '7.0', NULL),
(2335, 'Elvedi', 18, 'DF', '5.1', NULL),
(2336, 'Muheim', 18, 'DF', '5.3', NULL),
(2337, 'Widmer', 18, 'DF', '5.0', NULL),
(2338, 'Freuler', 18, 'MF', '7.0', NULL),
(2339, 'Manzambi', 18, 'MF', '6.6', NULL),
(2340, 'Zakaria', 18, 'MF', '7.8', NULL),
(2341, 'Embolo', 18, 'FW', '7.6', NULL),
(2342, 'Ndoye', 18, 'FW', '7.1', NULL),
(2343, 'V. Johansson', 12, 'GK', '6.8', NULL),
(2344, 'Zetterström', 12, 'GK', '6.1', NULL),
(2345, 'Gudmundsson', 12, 'DF', '6.7', NULL),
(2346, 'Hien', 12, 'DF', '7.8', NULL),
(2347, 'Lagerbielke', 12, 'DF', '6.5', NULL),
(2348, 'Lindelöf', 12, 'DF', '5.4', NULL),
(2349, 'Bergvall', 12, 'MF', '7.6', NULL);

INSERT INTO `players` (`id`, `name`, `team_id`, `position`, `cost`, `image_url`) VALUES
(2350, 'Nygren', 12, 'MF', '8.4', NULL),
(2351, 'Sema', 12, 'MF', '6.5', NULL),
(2352, 'Elanga', 12, 'FW', '8.4', NULL),
(2353, 'Isak', 12, 'FW', '7.2', NULL),
(2354, 'Chamakh', 23, 'GK', '4.6', NULL),
(2355, 'Dahmen', 23, 'GK', '5.9', NULL),
(2356, 'Abdi', 23, 'DF', '5.3', NULL),
(2357, 'Arous', 23, 'DF', '5.7', NULL),
(2358, 'Rekik', 23, 'DF', '6.7', NULL),
(2359, 'Talbi', 23, 'DF', '5.7', NULL),
(2360, 'Gharbi', 23, 'MF', '7.8', NULL),
(2361, 'Khedira', 23, 'MF', '7.9', NULL),
(2362, 'Mejbri', 23, 'MF', '7.4', NULL),
(2363, 'Achouri', 23, 'FW', '7.4', NULL),
(2364, 'Saad', 23, 'FW', '8.0', NULL),
(2365, 'Altay', 46, 'GK', '6.8', NULL),
(2366, 'Mert', 46, 'GK', '5.9', NULL),
(2367, 'Çağlar', 46, 'DF', '6.1', NULL),
(2368, 'Demiral', 46, 'DF', '6.3', NULL),
(2369, 'Eren Elmali', 46, 'DF', '4.9', NULL),
(2370, 'Zeki Çelik', 46, 'DF', '7.0', NULL),
(2371, 'Çalhanoğlu', 46, 'MF', '8.1', NULL),
(2372, 'Orkun Kökçü', 46, 'MF', '8.3', NULL),
(2373, 'Ozcan', 46, 'MF', '8.6', NULL),
(2374, 'Aktürkoğlu', 46, 'FW', '6.5', NULL),
(2375, 'Arda Güler', 46, 'FW', '15.0', NULL),
(2376, 'S. Mele', 10, 'GK', '5.1', NULL),
(2377, 'S. Rochet', 10, 'GK', '6.5', NULL),
(2378, 'Sergio Rochet', 10, 'GK', '7.1', NULL),
(2379, 'G. Varela', 10, 'DF', '6.4', NULL),
(2380, 'J.m. Giménez', 10, 'DF', '5.8', NULL),
(2381, 'R. Araujo', 10, 'DF', '6.0', NULL),
(2382, 'Ronald Araújo', 10, 'DF', '7.7', NULL),
(2383, 'S. Cáceres', 10, 'DF', '7.9', NULL),
(2384, 'Federico Valverde', 10, 'MF', '15.0', NULL),
(2385, 'M. Ugarte', 10, 'MF', '9.4', NULL),
(2386, 'N. DE La Cruz', 10, 'MF', '8.7', NULL),
(2387, 'Nahitan Nández', 10, 'MF', '8.0', NULL),
(2388, 'R. Bentancur', 10, 'MF', '8.1', NULL),
(2389, 'Rodrigo Bentancur', 10, 'MF', '8.1', NULL),
(2390, 'D. Núñez', 10, 'FW', '9.8', NULL),
(2391, 'Darwin Núñez', 10, 'FW', '8.1', NULL),
(2392, 'F. Pellistri', 10, 'FW', '7.0', NULL),
(2393, 'Freese', 1, 'GK', '4.7', NULL),
(2394, 'Matt Turner', 1, 'GK', '7.3', NULL),
(2395, 'Turner', 1, 'GK', '5.1', NULL),
(2396, 'A. Robinson', 1, 'DF', '5.5', NULL),
(2397, 'Dest', 1, 'DF', '6.0', NULL),
(2398, 'Richards', 1, 'DF', '5.2', NULL),
(2399, 'Trusty', 1, 'DF', '5.9', NULL),
(2400, 'Adams', 1, 'MF', '7.1', NULL),
(2401, 'Giovanni Reyna', 1, 'MF', '9.1', NULL),
(2402, 'Mckennie', 1, 'MF', '9.1', NULL),
(2403, 'Reyna', 1, 'MF', '6.6', NULL),
(2404, 'Tyler Adams', 1, 'MF', '8.7', NULL),
(2405, 'Weston McKennie', 1, 'MF', '6.9', NULL),
(2406, 'Christian Pulisic', 1, 'FW', '9.8', NULL),
(2407, 'Folarin Balogun', 1, 'FW', '7.3', NULL),
(2408, 'Pepi', 1, 'FW', '7.8', NULL),
(2409, 'Pulisic', 1, 'FW', '7.7', NULL),
(2410, 'Nematov', 36, 'GK', '6.3', NULL),
(2411, 'Yusupov', 36, 'GK', '6.6', NULL),
(2412, 'Alijonov', 36, 'DF', '6.5', NULL),
(2413, 'Ashurmatov', 36, 'DF', '4.9', NULL),
(2414, 'Khusanov', 36, 'DF', '4.6', NULL),
(2415, 'Sayfiev', 36, 'DF', '5.6', NULL),
(2416, 'Iskanderov', 36, 'MF', '6.3', NULL),
(2417, 'Mozgovoy', 36, 'MF', '7.1', NULL),
(2418, 'Shukurov', 36, 'MF', '7.2', NULL),
(2419, 'Amonov', 36, 'FW', '8.7', NULL),
(2420, 'Shomurodov', 36, 'FW', '9.1', NULL);

-- matches
TRUNCATE TABLE `matches`;
INSERT INTO `matches` (`id`, `home_team_id`, `away_team_id`, `kickoff_time`, `home_score`, `away_score`, `status`, `stage`, `group_id`) VALUES
(485, 5, 49, '2026-06-29 10:46:14', 2, 0, 'COMPLETED', 'GROUP', 'A'),
(486, 20, 56, '2026-06-29 10:47:14', 2, 1, 'COMPLETED', 'GROUP', 'A'),
(487, 5, 20, '2026-06-29 10:48:14', 1, 0, 'COMPLETED', 'GROUP', 'A'),
(488, 49, 56, '2026-06-29 10:49:14', 1, 1, 'COMPLETED', 'GROUP', 'A'),
(489, 5, 56, '2026-06-29 10:50:14', 3, 0, 'COMPLETED', 'GROUP', 'A'),
(490, 49, 20, '2026-06-29 10:51:14', 1, 0, 'COMPLETED', 'GROUP', 'A'),
(491, 18, 9, '2026-06-29 10:52:14', 0, 0, 'COMPLETED', 'GROUP', 'B'),
(492, 54, 40, '2026-06-29 10:53:14', 0, 0, 'COMPLETED', 'GROUP', 'B'),
(493, 18, 54, '2026-06-29 10:54:14', 3, 1, 'COMPLETED', 'GROUP', 'B'),
(494, 9, 40, '2026-06-29 10:55:14', 6, 0, 'COMPLETED', 'GROUP', 'B'),
(495, 18, 40, '2026-06-29 10:56:14', 4, 2, 'COMPLETED', 'GROUP', 'B'),
(496, 9, 54, '2026-06-29 10:57:14', 2, 3, 'COMPLETED', 'GROUP', 'B'),
(497, 17, 27, '2026-06-29 10:58:14', 1, 1, 'COMPLETED', 'GROUP', 'C'),
(498, 38, 57, '2026-06-29 10:59:14', 1, 0, 'COMPLETED', 'GROUP', 'C'),
(499, 17, 38, '2026-06-29 11:00:14', 2, 0, 'COMPLETED', 'GROUP', 'C'),
(500, 27, 57, '2026-06-29 11:01:14', 3, 2, 'COMPLETED', 'GROUP', 'C'),
(501, 17, 57, '2026-06-29 11:02:14', 4, 0, 'COMPLETED', 'GROUP', 'C'),
(502, 27, 38, '2026-06-29 11:03:14', 2, 0, 'COMPLETED', 'GROUP', 'C'),
(503, 1, 50, '2026-06-29 11:04:14', 4, 0, 'COMPLETED', 'GROUP', 'D'),
(504, 24, 46, '2026-06-29 11:05:14', 1, 0, 'COMPLETED', 'GROUP', 'D'),
(505, 1, 24, '2026-06-29 11:06:14', 2, 1, 'COMPLETED', 'GROUP', 'D'),
(506, 50, 46, '2026-06-29 11:07:14', 2, 0, 'COMPLETED', 'GROUP', 'D'),
(507, 1, 46, '2026-06-29 11:08:14', 2, 3, 'COMPLETED', 'GROUP', 'D'),
(508, 50, 24, '2026-06-29 11:09:14', 0, 0, 'COMPLETED', 'GROUP', 'D'),
(509, 33, 58, '2026-06-29 11:10:14', 6, 1, 'COMPLETED', 'GROUP', 'E'),
(510, 51, 6, '2026-06-29 11:11:14', 1, 0, 'COMPLETED', 'GROUP', 'E'),
(511, 33, 51, '2026-06-29 11:12:14', 2, 0, 'COMPLETED', 'GROUP', 'E'),
(512, 58, 6, '2026-06-29 11:13:14', 0, 0, 'COMPLETED', 'GROUP', 'E'),
(513, 33, 6, '2026-06-29 11:14:14', 1, 2, 'COMPLETED', 'GROUP', 'E'),
(514, 58, 51, '2026-06-29 11:15:14', 0, 3, 'COMPLETED', 'GROUP', 'E'),
(515, 45, 16, '2026-06-29 11:16:14', 0, 0, 'COMPLETED', 'GROUP', 'F'),
(516, 12, 23, '2026-06-29 11:17:14', 2, 0, 'COMPLETED', 'GROUP', 'F'),
(517, 45, 12, '2026-06-29 11:18:14', 4, 2, 'COMPLETED', 'GROUP', 'F'),
(518, 16, 23, '2026-06-29 11:19:14', 4, 0, 'COMPLETED', 'GROUP', 'F'),
(519, 45, 23, '2026-06-29 11:20:14', 6, 2, 'COMPLETED', 'GROUP', 'F'),
(520, 16, 12, '2026-06-29 11:21:14', 3, 3, 'COMPLETED', 'GROUP', 'F'),
(521, 37, 15, '2026-06-29 11:22:14', 0, 0, 'COMPLETED', 'GROUP', 'G'),
(522, 28, 59, '2026-06-29 11:23:14', 1, 1, 'COMPLETED', 'GROUP', 'G'),
(523, 37, 28, '2026-06-29 11:24:14', 0, 0, 'COMPLETED', 'GROUP', 'G'),
(524, 15, 59, '2026-06-29 11:25:14', 3, 1, 'COMPLETED', 'GROUP', 'G'),
(525, 37, 59, '2026-06-29 11:26:14', 6, 2, 'COMPLETED', 'GROUP', 'G'),
(526, 15, 28, '2026-06-29 11:27:14', 2, 2, 'COMPLETED', 'GROUP', 'G'),
(527, 29, 55, '2026-06-29 11:28:14', 0, 0, 'COMPLETED', 'GROUP', 'H'),
(528, 8, 10, '2026-06-29 11:29:14', 1, 1, 'COMPLETED', 'GROUP', 'H'),
(529, 29, 8, '2026-06-29 11:30:14', 4, 0, 'COMPLETED', 'GROUP', 'H'),
(530, 55, 10, '2026-06-29 11:31:14', 2, 2, 'COMPLETED', 'GROUP', 'H'),
(531, 29, 10, '2026-06-29 11:32:14', 1, 0, 'COMPLETED', 'GROUP', 'H'),
(532, 55, 8, '2026-06-29 11:33:14', 0, 0, 'COMPLETED', 'GROUP', 'H'),
(533, 21, 11, '2026-06-29 11:34:14', 1, 0, 'COMPLETED', 'GROUP', 'I'),
(534, 4, 52, '2026-06-29 11:35:14', 0, 2, 'COMPLETED', 'GROUP', 'I'),
(535, 21, 4, '2026-06-29 11:36:14', 4, 0, 'COMPLETED', 'GROUP', 'I'),
(536, 11, 52, '2026-06-29 11:37:14', 2, 4, 'COMPLETED', 'GROUP', 'I'),
(537, 21, 52, '2026-06-29 11:38:14', 5, 2, 'COMPLETED', 'GROUP', 'I'),
(538, 11, 4, '2026-06-29 11:39:14', 6, 1, 'COMPLETED', 'GROUP', 'I'),
(539, 13, 35, '2026-06-29 11:40:14', 3, 0, 'COMPLETED', 'GROUP', 'J'),
(540, 42, 60, '2026-06-29 11:41:14', 3, 1, 'COMPLETED', 'GROUP', 'J'),
(541, 13, 42, '2026-06-29 11:42:14', 2, 0, 'COMPLETED', 'GROUP', 'J'),
(542, 35, 60, '2026-06-29 11:43:14', 2, 1, 'COMPLETED', 'GROUP', 'J'),
(543, 13, 60, '2026-06-29 11:44:14', 3, 1, 'COMPLETED', 'GROUP', 'J'),
(544, 35, 42, '2026-06-29 11:45:14', 3, 3, 'COMPLETED', 'GROUP', 'J'),
(545, 2, 36, '2026-06-29 11:46:14', 2, 0, 'COMPLETED', 'GROUP', 'K'),
(546, 53, 41, '2026-06-29 11:47:14', 0, 0, 'COMPLETED', 'GROUP', 'K'),
(547, 2, 53, '2026-06-29 11:48:14', 1, 0, 'COMPLETED', 'GROUP', 'K'),
(548, 36, 41, '2026-06-29 11:49:14', 0, 5, 'COMPLETED', 'GROUP', 'K'),
(549, 2, 41, '2026-06-29 11:50:14', 1, 1, 'COMPLETED', 'GROUP', 'K'),
(550, 36, 53, '2026-06-29 11:51:14', 2, 4, 'COMPLETED', 'GROUP', 'K'),
(551, 25, 22, '2026-06-29 11:52:14', 4, 2, 'COMPLETED', 'GROUP', 'L'),
(552, 19, 39, '2026-06-29 11:53:14', 1, 0, 'COMPLETED', 'GROUP', 'L'),
(553, 25, 19, '2026-06-29 11:54:14', 0, 0, 'COMPLETED', 'GROUP', 'L'),
(554, 22, 39, '2026-06-29 11:55:14', 1, 0, 'COMPLETED', 'GROUP', 'L'),
(555, 25, 39, '2026-06-29 11:56:14', 2, 0, 'COMPLETED', 'GROUP', 'L'),
(556, 22, 19, '2026-06-29 11:57:14', 2, 1, 'COMPLETED', 'GROUP', 'L'),
(573, 49, 9, '2026-06-28 16:00:00', NULL, NULL, 'UPCOMING', 'ROUND_OF_32', NULL),
(574, 33, 50, '2026-06-29 14:00:00', NULL, NULL, 'UPCOMING', 'ROUND_OF_32', NULL),
(575, 45, 27, '2026-06-29 16:00:00', NULL, NULL, 'UPCOMING', 'ROUND_OF_32', NULL),
(576, 17, 16, '2026-06-29 18:00:00', NULL, NULL, 'UPCOMING', 'ROUND_OF_32', NULL),
(577, 21, 12, '2026-06-30 14:00:00', NULL, NULL, 'UPCOMING', 'ROUND_OF_32', NULL),
(578, 51, 52, '2026-06-30 16:00:00', NULL, NULL, 'UPCOMING', 'ROUND_OF_32', NULL),
(579, 5, 6, '2026-06-30 18:00:00', NULL, NULL, 'UPCOMING', 'ROUND_OF_32', NULL),
(580, 25, 53, '2026-07-01 13:00:00', NULL, NULL, 'UPCOMING', 'ROUND_OF_32', NULL),
(581, 1, 54, '2026-07-01 15:00:00', NULL, NULL, 'UPCOMING', 'ROUND_OF_32', NULL),
(582, 37, 11, '2026-07-01 18:00:00', NULL, NULL, 'UPCOMING', 'ROUND_OF_32', NULL),
(583, 41, 22, '2026-07-02 14:00:00', NULL, NULL, 'UPCOMING', 'ROUND_OF_32', NULL),
(584, 29, 42, '2026-07-02 16:00:00', NULL, NULL, 'UPCOMING', 'ROUND_OF_32', NULL),
(585, 18, 35, '2026-07-02 18:00:00', NULL, NULL, 'UPCOMING', 'ROUND_OF_32', NULL),
(586, 13, 55, '2026-07-03 14:00:00', NULL, NULL, 'UPCOMING', 'ROUND_OF_32', NULL),
(587, 2, 19, '2026-07-03 16:00:00', NULL, NULL, 'UPCOMING', 'ROUND_OF_32', NULL),
(588, 24, 15, '2026-07-03 18:00:00', NULL, NULL, 'UPCOMING', 'ROUND_OF_32', NULL);

-- fantasy_teams
TRUNCATE TABLE `fantasy_teams`;
INSERT INTO `fantasy_teams` (`id`, `user_id`, `team_name`, `created_at`, `squad_rating`) VALUES
(1, 3, 'temp', '2026-06-28 08:35:46', 0),
(2, 5, 'bhujung', '2026-06-30 11:39:09', 74),
(4, 1, 'Test XI', '2026-07-15 12:03:01', 95);

-- fantasy_picks
TRUNCATE TABLE `fantasy_picks`;
INSERT INTO `fantasy_picks` (`id`, `fantasy_team_id`, `player_id`) VALUES
(12, 2, 1754),
(19, 2, 1768),
(21, 2, 1771),
(20, 2, 1772),
(22, 2, 1774),
(13, 2, 1834),
(14, 2, 1840),
(15, 2, 1841),
(18, 2, 1844),
(17, 2, 1845),
(16, 2, 1846),
(44, 4, 1761),
(40, 4, 1765),
(43, 4, 1767),
(42, 4, 1768),
(41, 4, 1769),
(38, 4, 1843),
(39, 4, 1844),
(37, 4, 2018),
(36, 4, 2019),
(34, 4, 2022),
(35, 4, 2038);

-- bracket_predictions
TRUNCATE TABLE `bracket_predictions`;
INSERT INTO `bracket_predictions` (`id`, `user_id`, `match_id`, `predicted_winner_id`, `created_at`, `updated_at`) VALUES
(17, 3, 109, 9, '2026-06-28 10:10:46', '2026-06-28 10:10:46'),
(18, 3, 110, 17, '2026-06-28 10:10:46', '2026-06-28 10:10:46'),
(19, 3, 111, 33, '2026-06-28 10:10:46', '2026-06-28 10:10:46'),
(20, 3, 112, 45, '2026-06-28 10:10:46', '2026-06-28 10:10:46'),
(21, 3, 113, 52, '2026-06-28 10:10:46', '2026-06-28 10:10:46'),
(22, 3, 114, 21, '2026-06-28 10:10:46', '2026-06-28 10:10:46'),
(23, 3, 115, 5, '2026-06-28 10:10:46', '2026-06-28 10:10:46'),
(24, 3, 116, 25, '2026-06-28 10:10:46', '2026-06-28 10:10:46'),
(25, 3, 117, 37, '2026-06-28 10:10:46', '2026-06-28 10:10:46'),
(26, 3, 118, 1, '2026-06-28 10:10:46', '2026-06-28 10:10:46'),
(27, 3, 119, 29, '2026-06-28 10:10:46', '2026-06-28 10:10:46'),
(28, 3, 120, 41, '2026-06-28 10:10:46', '2026-06-28 10:10:46'),
(29, 3, 121, 18, '2026-06-28 10:10:46', '2026-06-28 10:10:46'),
(30, 3, 122, 15, '2026-06-28 10:10:46', '2026-06-28 10:10:46'),
(31, 3, 123, 13, '2026-06-28 10:10:46', '2026-06-28 10:10:46'),
(32, 3, 124, 2, '2026-06-28 10:10:46', '2026-06-28 10:10:46');

-- bracket_champions
TRUNCATE TABLE `bracket_champions`;
INSERT INTO `bracket_champions` (`id`, `user_id`, `champion_team_id`, `updated_at`) VALUES
(1, 3, 41, '2026-06-28 10:10:46');

-- standings_cache
TRUNCATE TABLE `standings_cache`;
INSERT INTO `standings_cache` (`team_id`, `group_id`, `played`, `won`, `drawn`, `lost`, `goals_for`, `goals_against`, `goal_difference`, `points`) VALUES
(1, 'D', 3, 2, 0, 1, 8, 4, 4, 6),
(2, 'K', 3, 2, 1, 0, 4, 1, 3, 7),
(4, 'I', 3, 0, 0, 3, 1, 12, -11, 0),
(5, 'A', 3, 3, 0, 0, 6, 0, 6, 9),
(6, 'E', 3, 1, 1, 1, 2, 2, 0, 4),
(8, 'H', 3, 0, 2, 1, 1, 5, -4, 2),
(9, 'B', 3, 1, 1, 1, 8, 3, 5, 4),
(10, 'H', 3, 0, 2, 1, 3, 4, -1, 2),
(11, 'I', 3, 1, 0, 2, 8, 6, 2, 3),
(12, 'F', 3, 1, 1, 1, 7, 7, 0, 4),
(13, 'J', 3, 3, 0, 0, 8, 1, 7, 9),
(15, 'G', 3, 1, 2, 0, 5, 3, 2, 5),
(16, 'F', 3, 1, 2, 0, 7, 3, 4, 5),
(17, 'C', 3, 2, 1, 0, 7, 1, 6, 7),
(18, 'B', 3, 2, 1, 0, 7, 3, 4, 7),
(19, 'L', 3, 1, 1, 1, 2, 2, 0, 4),
(20, 'A', 3, 1, 0, 2, 2, 3, -1, 3),
(21, 'I', 3, 3, 0, 0, 10, 2, 8, 9),
(22, 'L', 3, 2, 0, 1, 5, 5, 0, 6),
(23, 'F', 3, 0, 0, 3, 2, 12, -10, 0),
(24, 'D', 3, 1, 1, 1, 2, 2, 0, 4),
(25, 'L', 3, 2, 1, 0, 6, 2, 4, 7),
(27, 'C', 3, 2, 1, 0, 6, 3, 3, 7),
(28, 'G', 3, 0, 3, 0, 3, 3, 0, 3),
(29, 'H', 3, 2, 1, 0, 5, 0, 5, 7),
(33, 'E', 3, 2, 0, 1, 9, 3, 6, 6),
(35, 'J', 3, 1, 1, 1, 5, 7, -2, 4),
(36, 'K', 3, 0, 0, 3, 2, 11, -9, 0),
(37, 'G', 3, 1, 2, 0, 6, 2, 4, 5),
(38, 'C', 3, 1, 0, 2, 1, 4, -3, 3),
(39, 'L', 3, 0, 0, 3, 0, 4, -4, 0),
(40, 'B', 3, 0, 1, 2, 2, 10, -8, 1),
(41, 'K', 3, 1, 2, 0, 6, 1, 5, 5),
(42, 'J', 3, 1, 1, 1, 6, 6, 0, 4),
(45, 'F', 3, 2, 1, 0, 10, 4, 6, 7),
(46, 'D', 3, 1, 0, 2, 3, 5, -2, 3),
(49, 'A', 3, 1, 1, 1, 2, 3, -1, 4),
(50, 'D', 3, 1, 1, 1, 2, 4, -2, 4),
(51, 'E', 3, 2, 0, 1, 4, 2, 2, 6),
(52, 'I', 3, 2, 0, 1, 8, 7, 1, 6),
(53, 'K', 3, 1, 1, 1, 4, 3, 1, 4),
(54, 'B', 3, 1, 1, 1, 4, 5, -1, 4),
(55, 'H', 3, 0, 3, 0, 2, 2, 0, 3),
(56, 'A', 3, 0, 1, 2, 2, 6, -4, 1),
(57, 'C', 3, 0, 0, 3, 2, 8, -6, 0),
(58, 'E', 3, 0, 1, 2, 1, 9, -8, 1),
(59, 'G', 3, 0, 1, 2, 4, 10, -6, 1),
(60, 'J', 3, 0, 0, 3, 3, 8, -5, 0);

SET FOREIGN_KEY_CHECKS = 1;
